{
  "id": "edb3577c-0e11-4f5d-9db4-86e5e76c82a2",
  "name": "Starte Word & lade Vorlage „Brief“",
  "author": "",
  "category": "Utilities",
  "created_at": "2025-10-30T20:30:24.900966Z",
  "downloaded_at": "2025-10-30T20:30:24.900966Z",
  "hotkey": null,
  "version": 2,
  "files": [
    "actions.log",
    "mouse_moves.log"
  ],
  "counts": {
    "actions.log": 28,
    "mouse_moves.log": 265
  },
  "description": "Hallo",
  "extra": {
    "capture_target": "full_screen",
    "description": "Hallo",
    "startup_program": "Word"
  }
}