{
  "id": "b57772eb-627e-4350-bb3a-acd07655d659",
  "name": "Open Word and say Hello",
  "author": "",
  "category": "Utilities",
  "created_at": "2025-09-10T06:07:08.488119Z",
  "downloaded_at": "2025-09-10T06:07:08.488119Z",
  "hotkey": "n",
  "version": 2,
  "files": [
    "actions.log",
    "mouse_moves.log"
  ],
  "counts": {
    "actions.log": 42,
    "mouse_moves.log": 537
  },
  "description": "It does what it says",
  "extra": {
    "capture_target": "full_screen",
    "description": "It does what it says"
  }
}